query,cypher_query_name,graph_path_summary,retrieved_chunk_ids,citation_pages,answer,answer_citations,fallback_used,latency_ms,failure_note,retrieval_type,graph_hit_count,blended_chunk_count
FeederBW low-voltage Netze BW one-minute feed-in installations weather metadata 200 feeders,graphrag_finding_document_grounding,graphrag_finding_document_grounding: evidence_text=The answer should state that FeederBW contains real-world energy data from 200 l; page=1; confidence=high; qdrant_chunk_id=chunk_036782; doc_id=treutlein_2026_real_world_energy_data_200_feeders_low_voltage_2602_03521v1 | graphrag_finding_document_grounding: evidence_text=The answer should explain that the framework uses interactive photogrammetric de; page=7; confidence=high; qdrant_chunk_id=chunk_036179; doc_id=ravi_2025_citizen_centered_climate_intelligence_operationalizing_open_tree_data_ | graphrag_finding_document_grounding: evidence_text=The answer should state that warming and changing precipitation patterns can mak; page=3; confidence=high; qdrant_chunk_id=chunk_023284; doc_id=shah_2025_assessing_climate_vulnerability_risk_substations_massachusetts_sensiti,chunk_036782 | chunk_036783 | chunk_036851 | chunk_036846 | chunk_036814 | chunk_036796 | chunk_036873 | chunk_036818 | chunk_036820 | chunk_036803 | chunk_036852 | chunk_036858 | chunk_036798 | chunk_036805 | chunk_036850 | chunk_036829,"(Treutlein et al., 2026, p. 1) | (Treutlein et al., 2026, p. 13) | (Treutlein et al., 2026, p. 12) | (Treutlein et al., 2026, p. 6) | (Treutlein et al., 2026, p. 3) | (Treutlein et al., 2026, p. 17) | (Treutlein et al., 2026, p. 7) | (Treutlein et al., 2026, p. 4) | (Treutlein et al., 2026, p. 14) | (Treutlein et al., 2026, p. 15) | (Treutlein et al., 2026, p. 8)","The FeederBW dataset, recorded by the German distribution system operator Netze BW, provides real-world energy data from 200 low-voltage feeders (Treutlein et al., 2026, p. 1). This unique dataset covers two years (2023-2025) and features a one-minute temporal resolution, along with high photovoltaic feed-in data (Treutlein et al., 2026, p. 1). It includes detailed metadata, such as feeder-specific information like the number of housing units, installed power of low-carbon technology, and aggregated industrial energy data (Treutlein et al., 2026, p. 1). Additionally, the dataset incorporates weather information, which is matched to feeder measurement data and metadata using zip codes (Treutlein et al., 2026, p. 1, 6).","(Treutlein et al., 2026, p. 1) | (Treutlein et al., 2026, p. 13) | (Treutlein et al., 2026, p. 12) | (Treutlein et al., 2026, p. 6) | (Treutlein et al., 2026, p. 3) | (Treutlein et al., 2026, p. 17) | (Treutlein et al., 2026, p. 7) | (Treutlein et al., 2026, p. 4) | (Treutlein et al., 2026, p. 14) | (Treutlein et al., 2026, p. 15) | (Treutlein et al., 2026, p. 8)",False,12412.0,Graph-guided retrieval succeeded.,graph_guided,5,16
cereal crops phenology sowing date thermal trend photosynthesis starch metabolism phenolo shortens accommodate,graphrag_finding_document_grounding,"graphrag_finding_document_grounding: evidence_text=The answer should mention that adjusting sowing date can help accommodate the th; page=11; confidence=high; qdrant_chunk_id=chunk_006699; doc_id=fatima_2020_fingerprints_climate_warming_cereal_crops_phenology_adaptation_optio | graphrag_finding_document_grounding: evidence_text=The answer should state that warming brings heat, drought, and salinity stresses; page=12; confidence=high; qdrant_chunk_id=chunk_006718; doc_id=fatima_2020_fingerprints_climate_warming_cereal_crops_phenology_adaptation_optio | graphrag_finding_document_grounding: evidence_text=The answer should state that warming and changing precipitation patterns can mak; page=3; confidence=high; qdrant_chunk_id=chunk_023284; doc_id=shah_2025_assessing_climate_vulnerability_risk_substations_massachusetts_sensiti",chunk_006699 | chunk_006694 | chunk_006721 | chunk_006656 | chunk_006664 | chunk_006674 | chunk_006753 | chunk_006639 | chunk_006724 | chunk_006738 | chunk_006667 | chunk_006623 | chunk_006735 | chunk_006644 | chunk_006730 | chunk_006742,"(Fatima et al., 2020, p. 11) | (Fatima et al., 2020, p. 10) | (Fatima et al., 2020, p. 13) | (Fatima et al., 2020, p. 5) | (Fatima et al., 2020, p. 6) | (Fatima et al., 2020, p. 7) | (Fatima et al., 2020, p. 15) | (Fatima et al., 2020, p. 3) | (Fatima et al., 2020, p. 14) | (Fatima et al., 2020, p. 1) | (Fatima et al., 2020, p. 4)","[MOCK - Gemini answer generation failed or disabled]

You are a Climate Evidence Research Assistant. You answer questions about climate policy, risks, technologies, and findings using only the provided evidence. You never fabricate citations, page numbers, or statistics. If the evidence does not support a claim, say so explicitly.

## USER QUERY
cereal crops phenology sowing date thermal trend photosynthesis starch metabolism phenolo shortens accommodate

## SECTION 1: GRAPH-GUIDED EVIDENCE (structured, confidence-annotated)
**Knowledge graph path:**
Template: graphrag_finding_document_grounding
  Hit 1: (entity path not reconstructed)
           Evidence: fatima_2020_fingerprints_climate_warming_cereal_crops_phenology_adaptation_options_w3094545424 (2020), p. 11 [high confidence]
  Hit 2: (entity path not reconstructed)
           Evidence: fatima_2020_fingerprints_climate_warming_cereal_crops_phenology_adaptation_options_w3094545424 (2020), p. 12 [high confidence]
  Hit 3: (entity path not reconstructed)
           Evidence: shah_2025_assessing_climate_vulnerability_risk_substations_massachusetts_sensitivity_2511_03748v1 (2025), p. 3 [high confidence]
  Hit 4: (entity path not reconstructed)
           Evidence: treutlein_2026_real_","(Fatima et al., 2020, p. 11) | (Fatima et al., 2020, p. 10) | (Fatima et al., 2020, p. 13) | (Fatima et al., 2020, p. 5) | (Fatima et al., 2020, p. 6) | (Fatima et al., 2020, p. 7) | (Fatima et al., 2020, p. 15) | (Fatima et al., 2020, p. 3) | (Fatima et al., 2020, p. 14) | (Fatima et al., 2020, p. 1) | (Fatima et al., 2020, p. 4)",False,9426.0,Graph-guided retrieval succeeded.,graph_guided,5,16
interactive photogrammetric dendrometry uncalibrated commodity smartphones data-gathering close-range photogrammetry urban-scale individual-level action,graphrag_finding_document_grounding,graphrag_finding_document_grounding: evidence_text=The answer should explain that the framework uses interactive photogrammetric de; page=7; confidence=high; qdrant_chunk_id=chunk_036179; doc_id=ravi_2025_citizen_centered_climate_intelligence_operationalizing_open_tree_data_ | graphrag_finding_document_grounding: evidence_text=The answer should state that FeederBW contains real-world energy data from 200 l; page=1; confidence=high; qdrant_chunk_id=chunk_036782; doc_id=treutlein_2026_real_world_energy_data_200_feeders_low_voltage_2602_03521v1 | graphrag_finding_document_grounding: evidence_text=The answer should state that warming and changing precipitation patterns can mak; page=3; confidence=high; qdrant_chunk_id=chunk_023284; doc_id=shah_2025_assessing_climate_vulnerability_risk_substations_massachusetts_sensiti,chunk_036179 | chunk_036162 | chunk_036217 | chunk_036161 | chunk_037476 | chunk_036187 | chunk_036163 | chunk_036225 | chunk_036215 | chunk_036185 | chunk_036223 | chunk_036200 | chunk_036172 | chunk_036175 | chunk_036165 | chunk_036156,"(Ravi et al., 2025, p. 7) | (Ravi et al., 2025, p. 3) | (Ravi et al., 2025, p. 17) | (Wang et al., 2025, p. 13) | (Ravi et al., 2025, p. 9) | (Ravi et al., 2025, p. 4) | (Ravi et al., 2025, p. 19) | (Ravi et al., 2025, p. 13) | (Ravi et al., 2025, p. 5) | (Ravi et al., 2025, p. 6) | (Ravi et al., 2025, p. 2)","[MOCK - Gemini answer generation failed or disabled]

You are a Climate Evidence Research Assistant. You answer questions about climate policy, risks, technologies, and findings using only the provided evidence. You never fabricate citations, page numbers, or statistics. If the evidence does not support a claim, say so explicitly.

## USER QUERY
interactive photogrammetric dendrometry uncalibrated commodity smartphones data-gathering close-range photogrammetry urban-scale individual-level action

## SECTION 1: GRAPH-GUIDED EVIDENCE (structured, confidence-annotated)
**Knowledge graph path:**
Template: graphrag_finding_document_grounding
  Hit 1: (entity path not reconstructed)
           Evidence: ravi_2025_citizen_centered_climate_intelligence_operationalizing_open_tree_data_2508_17648v1 (2025), p. 7 [high confidence]
  Hit 2: (entity path not reconstructed)
           Evidence: treutlein_2026_real_world_energy_data_200_feeders_low_voltage_2602_03521v1 (2026), p. 1 [high confidence]
  Hit 3: (entity path not reconstructed)
           Evidence: shah_2025_assessing_climate_vulnerability_risk_substations_massachusetts_sensitivity_2511_03748v1 (2025), p. 3 [high confidence]
  Hit 4: (entity path not reconstructed)
           Evidence: sc","(Ravi et al., 2025, p. 7) | (Ravi et al., 2025, p. 3) | (Ravi et al., 2025, p. 17) | (Wang et al., 2025, p. 13) | (Ravi et al., 2025, p. 9) | (Ravi et al., 2025, p. 4) | (Ravi et al., 2025, p. 19) | (Ravi et al., 2025, p. 13) | (Ravi et al., 2025, p. 5) | (Ravi et al., 2025, p. 6) | (Ravi et al., 2025, p. 2)",False,3574.0,Graph-guided retrieval succeeded.,graph_guided,5,16
Massachusetts substations transformer thermal aging hottest spot temperature flash flood five-day precipitation reevaluation Bedford,graphrag_finding_document_grounding,graphrag_finding_document_grounding: evidence_text=The answer should state that warming and changing precipitation patterns can mak; page=3; confidence=high; qdrant_chunk_id=chunk_023284; doc_id=shah_2025_assessing_climate_vulnerability_risk_substations_massachusetts_sensiti | graphrag_finding_document_grounding: evidence_text=The answer should explain that short-term emission and pollutant changes may hav; page=6; confidence=high; qdrant_chunk_id=chunk_045100; doc_id=forster_2020_current_future_global_climate_impacts_resulting_covid_19_w304819073 | graphrag_finding_document_grounding: evidence_text=The answer should mention that adjusting sowing date can help accommodate the th; page=11; confidence=high; qdrant_chunk_id=chunk_006699; doc_id=fatima_2020_fingerprints_climate_warming_cereal_crops_phenology_adaptation_optio,chunk_023284 | chunk_023283 | chunk_036608 | chunk_042476 | chunk_036782 | chunk_023297 | chunk_023268 | chunk_023260 | chunk_023286 | chunk_023275 | chunk_023263 | chunk_023301 | chunk_023285 | chunk_023274 | chunk_023288 | chunk_023271,"(Shah et al., 2025, p. 3) | (Tabari, 2020, p. 7) | (Peel et al., 2007, p. 3) | (Treutlein et al., 2026, p. 1) | (Shah et al., 2025, p. 5) | (Shah et al., 2025, p. 1) | (Shah et al., 2025, p. 2) | (Shah et al., 2025, p. 6)","[MOCK - Gemini answer generation failed or disabled]

You are a Climate Evidence Research Assistant. You answer questions about climate policy, risks, technologies, and findings using only the provided evidence. You never fabricate citations, page numbers, or statistics. If the evidence does not support a claim, say so explicitly.

## USER QUERY
Massachusetts substations transformer thermal aging hottest spot temperature flash flood five-day precipitation reevaluation Bedford

## SECTION 1: GRAPH-GUIDED EVIDENCE (structured, confidence-annotated)
**Knowledge graph path:**
Template: graphrag_finding_document_grounding
  Hit 1: (entity path not reconstructed)
           Evidence: shah_2025_assessing_climate_vulnerability_risk_substations_massachusetts_sensitivity_2511_03748v1 (2025), p. 3 [high confidence]
  Hit 2: (entity path not reconstructed)
           Evidence: forster_2020_current_future_global_climate_impacts_resulting_covid_19_w3048190739 (2020), p. 6 [high confidence]
  Hit 3: (entity path not reconstructed)
           Evidence: fatima_2020_fingerprints_climate_warming_cereal_crops_phenology_adaptation_options_w3094545424 (2020), p. 11 [high confidence]
  Hit 4: (entity path not reconstructed)
           Evidence: treutlein_20","(Shah et al., 2025, p. 3) | (Tabari, 2020, p. 7) | (Peel et al., 2007, p. 3) | (Treutlein et al., 2026, p. 1) | (Shah et al., 2025, p. 5) | (Shah et al., 2025, p. 1) | (Shah et al., 2025, p. 2) | (Shah et al., 2025, p. 6)",False,2728.0,Graph-guided retrieval succeeded.,graph_guided,5,16
energy advisors accused commercial interests jeopardizing trusting relationship simplify information gathering planning process,graphrag_finding_document_grounding,graphrag_finding_document_grounding: evidence_text=The answer should say that participants wanted support to simplify information g; page=19; confidence=high; qdrant_chunk_id=chunk_039454; doc_id=scheller_2021_stakeholder_dynamics_residential_solar_energy_adoption_findings_fo | graphrag_finding_document_grounding: evidence_text=The answer should state that FeederBW contains real-world energy data from 200 l; page=1; confidence=high; qdrant_chunk_id=chunk_036782; doc_id=treutlein_2026_real_world_energy_data_200_feeders_low_voltage_2602_03521v1 | graphrag_finding_document_grounding: evidence_text=The answer should state that CCS becomes more important as climate targets becom; page=84; confidence=high; qdrant_chunk_id=chunk_035143; doc_id=bui_2018_carbon_capture_storage_ccs_way_forward_w2784350055,chunk_039454 | chunk_020520 | chunk_039457 | chunk_039417 | chunk_039469 | chunk_039437 | chunk_039517 | chunk_039381 | chunk_039368 | chunk_039360 | chunk_039403 | chunk_039397 | chunk_039474 | chunk_039361 | chunk_039452 | chunk_039446,"(Scheller et al., 2021, p. 19) | (Kabeyi et al., 2022, p. 27) | (Scheller et al., 2021, p. 12) | (Scheller et al., 2021, p. 22) | (Scheller et al., 2021, p. 14) | (Scheller et al., 2021, p. 30) | (Scheller et al., 2021, p. 7) | (Scheller et al., 2021, p. 5) | (Scheller et al., 2021, p. 4) | (Scheller et al., 2021, p. 10) | (Scheller et al., 2021, p. 9) | (Scheller et al., 2021, p. 18)","Some participants have accused energy advisors of having commercial interests, which jeopardizes a trusting relationship (Scheller et al., 2021, p. 19). This distrust is often rooted in the assumption that energy advisors are not independent actors, with some experts even describing them as ""salesmen"" (Scheller et al., 2021, p. 12). Despite this, many participants expressed a desire for support to simplify information gathering and the planning process, a role that energy advisors could potentially fill by providing independent advice (Scheller et al., 2021, p. 19). Stakeholders with commercial interests, such as energy advisors, are frequently viewed with wariness (Scheller et al., 2021, p. 22).","(Scheller et al., 2021, p. 19) | (Kabeyi et al., 2022, p. 27) | (Scheller et al., 2021, p. 12) | (Scheller et al., 2021, p. 22) | (Scheller et al., 2021, p. 14) | (Scheller et al., 2021, p. 30) | (Scheller et al., 2021, p. 7) | (Scheller et al., 2021, p. 5) | (Scheller et al., 2021, p. 4) | (Scheller et al., 2021, p. 10) | (Scheller et al., 2021, p. 9) | (Scheller et al., 2021, p. 18)",False,5434.0,Graph-guided retrieval succeeded.,graph_guided,5,16
